{"meta": {"format": 3, "version": "7.11.0", "timestamp": "2025-11-10T15:41:41.545146", "branch_coverage": true, "show_contexts": false}, "files": {"generated\\gemini_chain_of_thought\\apps_2_p3_attempt_1.py": {"executed_lines": [1, 7, 27, 30, 34, 38, 42, 45, 48, 49, 50, 51, 52, 53, 54, 55, 56, 61, 63, 65, 69, 71, 73, 76, 79, 80, 82, 85, 87, 88, 89, 90, 95, 96, 97, 99], "summary": {"covered_lines": 36, "num_statements": 48, "percent_covered": 70.51282051282051, "percent_covered_display": "71", "missing_lines": 12, "excluded_lines": 0, "num_branches": 30, "num_partial_branches": 11, "covered_branches": 19, "missing_branches": 11}, "missing_lines": [31, 35, 39, 43, 58, 59, 62, 66, 74, 77, 83, 93], "excluded_lines": [], "executed_branches": [[30, 34], [34, 38], [38, 42], [42, 45], [50, 51], [50, 65], [51, 52], [51, 54], [54, 55], [61, 63], [65, 69], [73, 76], [76, 79], [79, 80], [79, 82], [82, 85], [87, 88], [87, 89], [89, 90]], "missing_branches": [[30, 31], [34, 35], [38, 39], [42, 43], [54, 58], [61, 62], [65, 66], [73, 74], [76, 77], [82, 83], [89, 93]], "functions": {"count_valid_parentheses_sequences": {"executed_lines": [27, 30, 34, 38, 42, 45, 48, 49, 50, 51, 52, 53, 54, 55, 56, 61, 63, 65, 69, 71, 99], "summary": {"covered_lines": 21, "num_statements": 29, "percent_covered": 68.08510638297872, "percent_covered_display": "68", "missing_lines": 8, "excluded_lines": 0, "num_branches": 18, "num_partial_branches": 7, "covered_branches": 11, "missing_branches": 7}, "missing_lines": [31, 35, 39, 43, 58, 59, 62, 66], "excluded_lines": [], "executed_branches": [[30, 34], [34, 38], [38, 42], [42, 45], [50, 51], [50, 65], [51, 52], [51, 54], [54, 55], [61, 63], [65, 69]], "missing_branches": [[30, 31], [34, 35], [38, 39], [42, 43], [54, 58], [61, 62], [65, 66]]}, "count_valid_parentheses_sequences.solve": {"executed_lines": [73, 76, 79, 80, 82, 85, 87, 88, 89, 90, 95, 96, 97], "summary": {"covered_lines": 13, "num_statements": 17, "percent_covered": 72.41379310344827, "percent_covered_display": "72", "missing_lines": 4, "excluded_lines": 0, "num_branches": 12, "num_partial_branches": 4, "covered_branches": 8, "missing_branches": 4}, "missing_lines": [74, 77, 83, 93], "excluded_lines": [], "executed_branches": [[73, 76], [76, 79], [79, 80], [79, 82], [82, 85], [87, 88], [87, 89], [89, 90]], "missing_branches": [[73, 74], [76, 77], [82, 83], [89, 93]]}, "": {"executed_lines": [1, 7], "summary": {"covered_lines": 2, "num_statements": 2, "percent_covered": 100.0, "percent_covered_display": "100", "missing_lines": 0, "excluded_lines": 0, "num_branches": 0, "num_partial_branches": 0, "covered_branches": 0, "missing_branches": 0}, "missing_lines": [], "excluded_lines": [], "executed_branches": [], "missing_branches": []}}, "classes": {"": {"executed_lines": [1, 7, 27, 30, 34, 38, 42, 45, 48, 49, 50, 51, 52, 53, 54, 55, 56, 61, 63, 65, 69, 71, 73, 76, 79, 80, 82, 85, 87, 88, 89, 90, 95, 96, 97, 99], "summary": {"covered_lines": 36, "num_statements": 48, "percent_covered": 70.51282051282051, "percent_covered_display": "71", "missing_lines": 12, "excluded_lines": 0, "num_branches": 30, "num_partial_branches": 11, "covered_branches": 19, "missing_branches": 11}, "missing_lines": [31, 35, 39, 43, 58, 59, 62, 66, 74, 77, 83, 93], "excluded_lines": [], "executed_branches": [[30, 34], [34, 38], [38, 42], [42, 45], [50, 51], [50, 65], [51, 52], [51, 54], [54, 55], [61, 63], [65, 69], [73, 76], [76, 79], [79, 80], [79, 82], [82, 85], [87, 88], [87, 89], [89, 90]], "missing_branches": [[30, 31], [34, 35], [38, 39], [42, 43], [54, 58], [61, 62], [65, 66], [73, 74], [76, 77], [82, 83], [89, 93]]}}}}, "totals": {"covered_lines": 36, "num_statements": 48, "percent_covered": 70.51282051282051, "percent_covered_display": "71", "missing_lines": 12, "excluded_lines": 0, "num_branches": 30, "num_partial_branches": 11, "covered_branches": 19, "missing_branches": 11}}