{"meta": {"format": 3, "version": "7.11.0", "timestamp": "2025-11-10T16:52:01.307246", "branch_coverage": true, "show_contexts": false}, "files": {"generated\\gemini_chain_of_thought\\apps_2_p3_attempt_1_BUGGY.py": {"executed_lines": [1, 6, 12, 15, 16, 20, 21, 24, 25, 28, 29, 31, 34, 35, 36, 37, 38, 39, 40, 41, 42, 44, 45, 49, 50, 51, 53, 57, 59, 61, 62, 64, 65, 67, 68, 70, 71, 73, 75, 77, 81, 83, 84, 85, 87], "summary": {"covered_lines": 45, "num_statements": 48, "percent_covered": 92.3076923076923, "percent_covered_display": "92", "missing_lines": 3, "excluded_lines": 0, "num_branches": 30, "num_partial_branches": 3, "covered_branches": 27, "missing_branches": 3}, "missing_lines": [54, 76, 78], "excluded_lines": [], "executed_branches": [[15, 16], [15, 20], [20, 21], [20, 24], [24, 25], [24, 28], [28, 29], [28, 31], [36, 37], [36, 53], [37, 38], [37, 40], [40, 41], [40, 44], [49, 50], [49, 51], [53, 57], [61, 62], [61, 64], [64, 65], [64, 67], [67, 68], [67, 70], [70, 71], [70, 73], [75, 77], [77, 81]], "missing_branches": [[53, 54], [75, 76], [77, 78]], "functions": {"count_valid_parentheses_sequences": {"executed_lines": [12, 15, 16, 20, 21, 24, 25, 28, 29, 31, 34, 35, 36, 37, 38, 39, 40, 41, 42, 44, 45, 49, 50, 51, 53, 57, 59, 87], "summary": {"covered_lines": 28, "num_statements": 29, "percent_covered": 95.74468085106383, "percent_covered_display": "96", "missing_lines": 1, "excluded_lines": 0, "num_branches": 18, "num_partial_branches": 1, "covered_branches": 17, "missing_branches": 1}, "missing_lines": [54], "excluded_lines": [], "executed_branches": [[15, 16], [15, 20], [20, 21], [20, 24], [24, 25], [24, 28], [28, 29], [28, 31], [36, 37], [36, 53], [37, 38], [37, 40], [40, 41], [40, 44], [49, 50], [49, 51], [53, 57]], "missing_branches": [[53, 54]]}, "count_valid_parentheses_sequences.solve": {"executed_lines": [61, 62, 64, 65, 67, 68, 70, 71, 73, 75, 77, 81, 83, 84, 85], "summary": {"covered_lines": 15, "num_statements": 17, "percent_covered": 86.20689655172414, "percent_covered_display": "86", "missing_lines": 2, "excluded_lines": 0, "num_branches": 12, "num_partial_branches": 2, "covered_branches": 10, "missing_branches": 2}, "missing_lines": [76, 78], "excluded_lines": [], "executed_branches": [[61, 62], [61, 64], [64, 65], [64, 67], [67, 68], [67, 70], [70, 71], [70, 73], [75, 77], [77, 81]], "missing_branches": [[75, 76], [77, 78]]}, "": {"executed_lines": [1, 6], "summary": {"covered_lines": 2, "num_statements": 2, "percent_covered": 100.0, "percent_covered_display": "100", "missing_lines": 0, "excluded_lines": 0, "num_branches": 0, "num_partial_branches": 0, "covered_branches": 0, "missing_branches": 0}, "missing_lines": [], "excluded_lines": [], "executed_branches": [], "missing_branches": []}}, "classes": {"": {"executed_lines": [1, 6, 12, 15, 16, 20, 21, 24, 25, 28, 29, 31, 34, 35, 36, 37, 38, 39, 40, 41, 42, 44, 45, 49, 50, 51, 53, 57, 59, 61, 62, 64, 65, 67, 68, 70, 71, 73, 75, 77, 81, 83, 84, 85, 87], "summary": {"covered_lines": 45, "num_statements": 48, "percent_covered": 92.3076923076923, "percent_covered_display": "92", "missing_lines": 3, "excluded_lines": 0, "num_branches": 30, "num_partial_branches": 3, "covered_branches": 27, "missing_branches": 3}, "missing_lines": [54, 76, 78], "excluded_lines": [], "executed_branches": [[15, 16], [15, 20], [20, 21], [20, 24], [24, 25], [24, 28], [28, 29], [28, 31], [36, 37], [36, 53], [37, 38], [37, 40], [40, 41], [40, 44], [49, 50], [49, 51], [53, 57], [61, 62], [61, 64], [64, 65], [64, 67], [67, 68], [67, 70], [70, 71], [70, 73], [75, 77], [77, 81]], "missing_branches": [[53, 54], [75, 76], [77, 78]]}}}}, "totals": {"covered_lines": 45, "num_statements": 48, "percent_covered": 92.3076923076923, "percent_covered_display": "92", "missing_lines": 3, "excluded_lines": 0, "num_branches": 30, "num_partial_branches": 3, "covered_branches": 27, "missing_branches": 3}}